DAYS,DAYS_TO_DELISTING,TICKER,DATE,OPEN,HIGH,LOW,CLOSE,ADJ_CLOSE,VOLUME,52W_HIGH,52W_LOW,CLOSE_MA50,ABOVE_MA50,CLOSE_MA200,ABOVE_MA200,DOLLAR_VOLUME,VOLUME_MA20,VOLUME_RATIO,PRICE_RANGE_PCT,CLOSE_TO_CLOSE_RETURN,INTRADAY_RETURN,OVERNIGHT_RETURN,DAILY_RANGE_PCT,VOLATILITY_20D,VOLATILITY_20D_ANN,HISTORICAL_MAX_CLOSE_TO_CLOSE_RETURN,DATE_HISTORICAL_MAX_CLOSE_TO_CLOSE_RETURN,HISTORICAL_MIN_CLOSE_TO_CLOSE_RETURN,DATE_HISTORICAL_MIN_CLOSE_TO_CLOSE_RETURN,HISTORICAL_VOLATILITY,DATE_HISTORICAL_VOLATILITY,HISTORICAL_HIGH,DATE_HISTORICAL_HIGH,HISTORICAL_LOW,DATE_HISTORICAL_LOW,MAX_VOLUME,DATE_MAX_VOLUME
1,199,AHL,20250508,33.25,34,31.66,32.5,32.5,6576600,34,31.66,32.5,0,32.5,0,215186352,6576600,1,0.07037594,0,-0.022556391,0,0.073910297,0,0,0,20250508,0,20250508,0.073910297,20250508,32.5,20250508,32.5,20250508,6576600,20250508
2,198,AHL,20250509,32.47,35.24,32.47,34.46,34.46,1353800,35.24,31.66,33.48,0,33.48,0,46105915.33,3965200,0.341420357,0.085309516,0.060307692,0.061287342,-0.000923077,0.085309516,0.042643978,0.676952167,0.060307692,20250509,0,20250508,0.085309516,20250509,34.46,20250509,32.5,20250508,6576600,20250508
3,197,AHL,20250512,34.39,35.1,34,34.74,34.74,415600,35.24,31.66,33.9,0,33.9,0,14385301.33,2782000,0.149388929,0.031986042,0.008125363,0.010177377,-0.002031341,0.032352941,0.032726225,0.519512715,0.060307692,20250509,0,20250508,0.085309516,20250509,34.74,20250512,32.5,20250508,6576600,20250508
4,196,AHL,20250513,34.5,35.95,34.46,35.66,35.66,379900,35.95,31.66,34.34,0,34.34,0,13431997.67,2181475,0.174148225,0.043188406,0.026482441,0.033623188,-0.006908463,0.043238537,0.026783833,0.425180165,0.060307692,20250509,0,20250508,0.085309516,20250509,35.66,20250513,32.5,20250508,6576600,20250508
5,195,AHL,20250514,35.12,36.1,34.67,35.01,35.01,235500,36.1,31.66,34.474,0,34.474,0,8303730,1792280,0.13139688,0.04071754,-0.018227706,-0.003132118,-0.015143017,0.041246034,0.029834564,0.473609018,0.060307692,20250509,-0.018227706,20250514,0.085309516,20250509,35.66,20250513,35.01,20250514,6576600,20250508
6,194,AHL,20250515,34.31,35.25,34.19,34.6,34.6,256100,36.1,31.66,34.495,0,34.495,0,8881548,1536250,0.166704638,0.030894783,-0.01171094,0.008452346,-0.019994287,0.031003217,0.028879367,0.458445737,0.060307692,20250509,-0.018227706,20250514,0.085309516,20250509,35.66,20250513,34.6,20250515,6576600,20250508
7,193,AHL,20250516,34.25,35.19,33.63,34.74,34.74,203300,36.1,31.66,34.53,0,34.53,0,7017916,1345828.571,0.151059358,0.045547445,0.004046243,0.014306569,-0.010115607,0.046387154,0.026487507,0.420476141,0.060307692,20250509,-0.018227706,20250514,0.085309516,20250509,35.66,20250513,34.74,20250516,6576600,20250508
8,192,AHL,20250519,33.97,34.82,33.5,34.18,34.18,194500,36.1,31.66,34.48625,0,34.48625,0,6645416.667,1201912.5,0.161825424,0.038857816,-0.016119747,0.006181925,-0.022164652,0.039402985,0.026186494,0.415697699,0.060307692,20250509,-0.018227706,20250514,0.085309516,20250509,35.66,20250513,34.18,20250519,6576600,20250508
9,191,AHL,20250520,34.36,34.58,33.67,34.39,34.39,126900,36.1,31.66,34.47555556,0,34.47555556,0,4341672,1082466.667,0.117232247,0.026484284,0.006143944,0.000873108,0.005266238,0.027027027,0.024495721,0.38885751,0.060307692,20250509,-0.018227706,20250514,0.085309516,20250509,35.66,20250513,34.39,20250520,6576600,20250508
10,190,AHL,20250521,33.64,35.19,33.64,35.18,35.18,174200,36.1,31.66,34.546,0,34.546,0,6039514,991640,0.175668589,0.0460761,0.022971794,0.045778835,-0.021808665,0.0460761,0.023670683,0.37576044,0.060307692,20250509,-0.018227706,20250514,0.085309516,20250509,35.66,20250513,35.18,20250521,6576600,20250508
11,189,AHL,20250522,35,35.15,34.19,34.53,34.53,174400,36.1,31.66,34.54454545,0,34.54454545,0,6038309.333,917345.4545,0.190113767,0.027428571,-0.018476407,-0.013428571,-0.005116543,0.028078385,0.023853177,0.378657447,0.060307692,20250509,-0.018476407,20250522,0.085309516,20250509,35.66,20250513,34.53,20250522,6576600,20250508
12,188,AHL,20250523,34.5,34.99,33.97,34.99,34.99,95300,36.1,31.66,34.58166667,0,34.58166667,0,3302145,848841.6667,0.112270643,0.029565217,0.013321749,0.014202899,-0.00086881,0.030026494,0.022847171,0.362687602,0.060307692,20250509,-0.018476407,20250522,0.085309516,20250509,35.66,20250513,34.99,20250523,6576600,20250508
13,187,AHL,20250527,35.07,35.61,34.35,34.96,34.96,176700,36.1,31.66,34.61076923,0,34.61076923,0,6179788,797138.4615,0.221667889,0.035928144,-0.000857388,-0.003136584,0.002286368,0.036681223,0.021967051,0.348716118,0.060307692,20250509,-0.018476407,20250522,0.085309516,20250509,35.66,20250513,34.96,20250527,6576600,20250508
14,186,AHL,20250528,35.12,35.12,34,34.46,34.46,140200,36.1,31.66,34.6,0,34.6,0,4840638.667,750214.2857,0.186879939,0.031890661,-0.014302059,-0.018792711,0.004576659,0.032941176,0.021781414,0.345769231,0.060307692,20250509,-0.018476407,20250522,0.085309516,20250509,35.66,20250513,34.46,20250528,6576600,20250508
15,185,AHL,20250529,34.15,34.87,33.8,34.87,34.87,308100,36.1,31.66,34.618,0,34.618,0,10633558,720740,0.427477315,0.031332357,0.011897853,0.021083455,-0.008995937,0.031656805,0.02107801,0.334603036,0.060307692,20250509,-0.018476407,20250522,0.085309516,20250509,35.66,20250513,34.87,20250529,6576600,20250508
16,184,AHL,20250530,34.66,35.28,34,34.3,34.3,98200,36.1,31.66,34.598125,0,34.598125,0,3390518.667,681831.25,0.144023906,0.036930179,-0.01634643,-0.010386613,-0.006022369,0.037647059,0.021045072,0.334080161,0.060307692,20250509,-0.018476407,20250522,0.085309516,20250509,35.66,20250513,34.3,20250530,6576600,20250508
17,183,AHL,20250602,34.18,34.95,33.81,34.61,34.61,137800,36.1,31.66,34.59882353,0,34.59882353,0,4748128.667,649829.4118,0.212055653,0.033352838,0.009037901,0.012580456,-0.003498542,0.033717835,0.020419778,0.324153928,0.060307692,20250509,-0.018476407,20250522,0.085309516,20250509,35.66,20250513,34.61,20250602,6576600,20250508
18,182,AHL,20250603,34.5,34.94,34,34.73,34.73,106500,36.1,31.66,34.60611111,0,34.60611111,0,3680285,619644.4444,0.171872759,0.027246377,0.003467206,0.006666667,-0.003178272,0.027647059,0.019810357,0.314479665,0.060307692,20250509,-0.018476407,20250522,0.085309516,20250509,35.66,20250513,34.73,20250603,6576600,20250508
19,181,AHL,20250604,34.76,35.12,34.21,34.53,34.53,162300,36.1,31.66,34.60210526,0,34.60210526,0,5618826,595573.6842,0.272510362,0.026179517,-0.00575871,-0.006616801,0.000863807,0.026600409,0.019378667,0.307626806,0.060307692,20250509,-0.018476407,20250522,0.085309516,20250509,35.66,20250513,34.53,20250604,6576600,20250508
20,180,AHL,20250605,34.17,34.42,33.59,34.03,34.03,265900,36.1,31.66,34.5735,0,34.5735,0,9044145.333,579090,0.459168696,0.024290313,-0.014480162,-0.004097161,-0.010425717,0.024709735,0.019279438,0.306051588,0.060307692,20250509,-0.018476407,20250522,0.085309516,20250509,35.66,20250513,34.03,20250605,6576600,20250508
21,179,AHL,20250606,34.34,34.41,33.63,33.71,33.71,192900,36.1,31.66,34.53238095,0,34.53238095,0,6542525,542310,0.355700614,0.022714036,-0.009403468,-0.018345952,0.009109609,0.023193577,0.019456849,0.308867895,0.060307692,20250509,-0.018476407,20250522,0.085309516,20250509,35.66,20250513,33.71,20250606,6576600,20250508
22,178,AHL,20250609,34.22,34.22,32.49,32.83,32.83,167400,36.1,31.66,34.455,0,34.455,0,5554332,506604.2857,0.33043542,0.050555231,-0.026105013,-0.040619521,0.015129042,0.053247153,0.014886566,0.236316904,0.060307692,20250509,-0.026105013,20250609,0.085309516,20250509,35.66,20250513,32.83,20250609,6576600,20250508
23,177,AHL,20250610,32.9,32.9,31.08,31.84,31.84,188100,36.1,31.08,34.34130435,0,34.34130435,0,6007914,476270.5442,0.394943593,0.055319149,-0.030155346,-0.032218845,0.002132196,0.058558559,0.015900057,0.252405587,0.060307692,20250509,-0.030155346,20250610,0.085309516,20250509,35.66,20250513,31.84,20250610,6576600,20250508
24,176,AHL,20250611,31.65,32.71,31.48,32.25,32.25,118800,36.1,31.08,34.25416667,0,34.25416667,0,3819024,442225.7305,0.268641085,0.038862559,0.012876884,0.018957346,-0.005967337,0.039072427,0.014767667,0.234429442,0.060307692,20250509,-0.030155346,20250610,0.085309516,20250509,35.66,20250513,32.25,20250611,6576600,20250508
25,175,AHL,20250612,32.07,32.51,31.48,32,32,119600,36.1,31.08,34.164,0,34.164,0,3826801.333,411499.4704,0.290644359,0.032117244,-0.007751938,-0.002182725,-0.005581395,0.032719187,0.014452832,0.229431596,0.060307692,20250509,-0.030155346,20250610,0.085309516,20250509,35.66,20250513,32,20250612,6576600,20250508
26,174,AHL,20250613,31.13,33.05,30.86,32.38,32.38,148300,36.1,30.86,34.09538462,0,34.09538462,0,4759935.667,386432.8542,0.383766542,0.070350145,0.011875,0.040154192,-0.0271875,0.070965651,0.014782129,0.234659029,0.060307692,20250509,-0.030155346,20250610,0.085309516,20250509,35.66,20250513,32.38,20250613,6576600,20250508
27,173,AHL,20250616,32.4,32.68,31.81,32.01,32.01,297100,36.1,30.86,34.01814815,0,34.01814815,0,9556716.667,377924.9633,0.786134891,0.026851852,-0.011426807,-0.012037037,0.000617665,0.02734989,0.014787503,0.234744326,0.060307692,20250509,-0.030155346,20250610,0.085309516,20250509,35.66,20250513,32.01,20250616,6576600,20250508
28,172,AHL,20250617,31.57,32.45,31.31,31.97,31.97,228300,36.1,30.86,33.945,0,33.945,0,7285053,363674.9668,0.627758358,0.036110231,-0.001249609,0.012670257,-0.013745704,0.036410093,0.014516319,0.230439419,0.060307692,20250509,-0.030155346,20250610,0.085309516,20250509,35.66,20250513,31.97,20250617,6576600,20250508
29,171,AHL,20250618,32.25,32.3,31.74,32.02,32.02,74700,36.1,30.86,33.87862069,0,33.87862069,0,2391894,336153.5414,0.222219881,0.017364341,0.001563966,-0.007131783,0.008758211,0.017643352,0.014396187,0.228532385,0.060307692,20250509,-0.030155346,20250610,0.085309516,20250509,35.66,20250513,32.02,20250618,6576600,20250508
30,170,AHL,20250620,31.96,32.72,31.49,31.5,31.5,241700,36.1,30.86,33.79933333,0,33.79933333,0,7711035.667,327157.966,0.73878684,0.038485607,-0.01623985,-0.014392991,-0.001873829,0.039060019,0.013229085,0.210005212,0.060307692,20250509,-0.030155346,20250610,0.085309516,20250509,35.66,20250513,31.5,20250620,6576600,20250508
31,169,AHL,20250623,31.33,31.95,31.09,31.63,31.63,106600,36.1,30.86,33.72935484,0,33.72935484,0,3363940.667,306152.4455,0.348192548,0.027449729,0.004126984,0.009575487,-0.005396825,0.027661628,0.013019316,0.206675232,0.060307692,20250509,-0.030155346,20250610,0.085309516,20250509,35.66,20250513,31.63,20250623,6576600,20250508
32,168,AHL,20250624,31.85,31.89,30.78,31.14,31.14,292600,36.1,30.78,33.6484375,0,33.6484375,0,9149602,304861.7364,0.959779353,0.034850863,-0.015491622,-0.022291994,0.006955422,0.036062378,0.012553101,0.199274298,0.060307692,20250509,-0.030155346,20250610,0.085309516,20250509,35.66,20250513,31.14,20250624,6576600,20250508
33,167,AHL,20250625,31.14,31.45,29.81,30.19,30.19,245100,36.1,29.81,33.54363636,0,33.54363636,0,7471465,299170.1424,0.819266248,0.052665382,-0.030507386,-0.030507386,0,0.055015096,0.013649529,0.216679559,0.060307692,20250509,-0.030507386,20250625,0.085309516,20250509,35.66,20250513,30.19,20250625,6576600,20250508
34,166,AHL,20250626,30.27,31.52,28.85,30.41,30.41,429400,36.1,28.85,33.45147059,0,33.45147059,0,12993644,311572.986,1.37816826,0.088206145,0.007287181,0.004625041,0.002649884,0.09254766,0.013911037,0.220830869,0.060307692,20250509,-0.030507386,20250625,0.09254766,20250626,35.66,20250513,30.41,20250626,6576600,20250508
35,165,AHL,20250627,30.25,31.1,29.63,31.1,31.1,593600,36.1,28.85,33.38428571,0,33.38428571,0,18170096,338432.7016,1.753967619,0.048595041,0.022689905,0.028099174,-0.005261427,0.04961188,0.014826683,0.235366296,0.060307692,20250509,-0.030507386,20250625,0.09254766,20250626,35.66,20250513,31.1,20250627,6576600,20250508
36,164,AHL,20250630,31.1,31.82,30.28,31.47,31.47,258700,36.1,28.85,33.33111111,0,33.33111111,0,8068853,330839.111,0.78195108,0.049517685,0.011897106,0.011897106,0,0.050858653,0.015091883,0.239576213,0.060307692,20250509,-0.030507386,20250625,0.09254766,20250626,35.66,20250513,31.47,20250630,6576600,20250508
37,163,AHL,20250701,31.13,31.98,31.01,31.35,31.35,149800,36.1,28.85,33.27756757,0,33.27756757,0,4710710.667,313597.2909,0.477682698,0.031159653,-0.003813155,0.007067138,-0.01080394,0.031280232,0.014769292,0.234455247,0.060307692,20250509,-0.030507386,20250625,0.09254766,20250626,35.66,20250513,31.35,20250701,6576600,20250508
38,162,AHL,20250702,30.97,30.97,30,30.15,30.15,396600,36.1,28.85,33.19526316,0,33.19526316,0,12046064,321502.3108,1.233583668,0.031320633,-0.038277512,-0.026477236,-0.012121212,0.032333333,0.01639524,0.26026637,0.060307692,20250509,-0.038277512,20250702,0.09254766,20250626,35.66,20250513,30.15,20250702,6576600,20250508
39,161,AHL,20250703,30.65,30.8,30.26,30.34,30.34,92700,36.1,28.85,33.12205128,0,33.12205128,0,2824260,299711.6145,0.309297323,0.017618271,0.006301824,-0.010114192,0.016583748,0.01784534,0.016659755,0.264465411,0.060307692,20250509,-0.038277512,20250702,0.09254766,20250626,35.66,20250513,30.34,20250703,6576600,20250508
40,160,AHL,20250707,30.44,30.55,29.62,30.36,30.36,136500,36.1,28.85,33.053,0,33.053,0,4119115,284167.6513,0.480350242,0.030551905,0.000659196,-0.002628121,0.003295979,0.031397704,0.016613066,0.263724242,0.060307692,20250509,-0.038277512,20250702,0.09254766,20250626,35.66,20250513,30.36,20250707,6576600,20250508
41,159,AHL,20250708,30.06,31.01,29.53,29.94,29.94,249000,36.1,28.85,32.97707317,0,32.97707317,0,7509840,280818.3511,0.886694189,0.049234864,-0.013833992,-0.003992016,-0.009881423,0.050118524,0.016696384,0.265046873,0.060307692,20250509,-0.038277512,20250702,0.09254766,20250626,35.66,20250513,29.94,20250708,6576600,20250508
42,158,AHL,20250709,29.95,30.6,29.41,30.21,30.21,173900,36.1,28.85,32.91119048,0,32.91119048,0,5229752.667,270635.651,0.642561316,0.039732888,0.009018036,0.008681135,0.000334001,0.040462428,0.016288063,0.258564983,0.060307692,20250509,-0.038277512,20250702,0.09254766,20250626,35.66,20250513,30.21,20250709,6576600,20250508
43,157,AHL,20250710,30,30.37,29.45,30.01,30.01,229800,36.1,28.85,32.84372093,0,32.84372093,0,6880978,266746.5414,0.861491957,0.030666667,-0.006620324,0.000333333,-0.006951341,0.031239389,0.015108119,0.239833949,0.060307692,20250509,-0.038277512,20250702,0.09254766,20250626,35.66,20250513,30.01,20250710,6576600,20250508
44,156,AHL,20250711,30.04,31.37,30.04,30.37,30.37,57100,36.1,28.85,32.7875,0,32.7875,0,1746879.333,246780.2041,0.231379985,0.044274301,0.011996001,0.010985353,0.000999667,0.044274301,0.015061081,0.239087253,0.060307692,20250509,-0.038277512,20250702,0.09254766,20250626,35.66,20250513,30.37,20250711,6576600,20250508
45,155,AHL,20250714,30.21,31.13,29.98,30.19,30.19,211500,36.1,28.85,32.72977778,0,32.72977778,0,6436650,243420.1847,0.868867963,0.038066865,-0.005926902,-0.000662032,-0.005268357,0.038358906,0.01503558,0.238682427,0.060307692,20250509,-0.038277512,20250702,0.09254766,20250626,35.66,20250513,30.19,20250714,6576600,20250508
46,154,AHL,20250715,30.5,31.21,30.21,30.52,30.52,139700,36.1,28.85,32.68173913,0,32.68173913,0,4281339.333,233542.0719,0.598179158,0.032786885,0.010930772,0.000655738,0.010268301,0.033101622,0.014988489,0.237934879,0.060307692,20250509,-0.038277512,20250702,0.09254766,20250626,35.66,20250513,30.52,20250715,6576600,20250508
47,153,AHL,20250716,30.48,31.62,30.4,30.98,30.98,374800,36.1,28.85,32.64553191,0,32.64553191,0,11618800,246995.2079,1.517438347,0.040026247,0.015072084,0.016404199,-0.001310616,0.040131579,0.015356721,0.243780391,0.060307692,20250509,-0.038277512,20250702,0.09254766,20250626,35.66,20250513,30.98,20250716,6576600,20250508
48,152,AHL,20250717,30.93,31.46,30.64,30.64,30.64,90000,36.1,28.85,32.60375,0,32.60375,0,2782200,232043.2833,0.387858673,0.026511478,-0.010974822,-0.00937601,-0.001613944,0.026762402,0.015500974,0.24607033,0.060307692,20250509,-0.038277512,20250702,0.09254766,20250626,35.66,20250513,30.64,20250717,6576600,20250508
49,151,AHL,20250718,30.53,31.03,29.96,30,30,55700,36.1,28.85,32.55061224,0,32.55061224,0,1689381,215248.6849,0.258770454,0.035047494,-0.020887728,-0.017359974,-0.003590078,0.035714286,0.016032605,0.254509716,0.060307692,20250509,-0.038277512,20250702,0.09254766,20250626,35.66,20250513,30,20250718,6576600,20250508
50,150,AHL,20250721,29.95,30.9,29.95,30.57,30.57,100300,36.1,28.85,32.511,0,32.511,0,3056475.333,204301.1911,0.490941827,0.031719533,0.019,0.020701169,-0.001666667,0.031719533,0.016447044,0.261088734,0.060307692,20250509,-0.038277512,20250702,0.09254766,20250626,35.66,20250513,30.57,20250721,6576600,20250508
51,149,AHL,20250722,30.78,31.73,30.58,31.38,31.38,78000,36.1,28.85,32.46664706,0,32.48882353,0,2435940,192272.5062,0.405674225,0.037361923,0.026496565,0.019493177,0.00686948,0.037606279,0.017563129,0.278806033,0.060307692,20250509,-0.038277512,20250702,0.09254766,20250626,35.66,20250513,31.38,20250722,6576600,20250508
52,148,AHL,20250723,31.02,31.53,30.62,31.17,31.17,113000,36.1,28.85,32.41579815,0,32.46346154,0,3515053.333,184722.7437,0.611727596,0.029335912,-0.006692161,0.00483559,-0.011472275,0.029719138,0.01726895,0.274136085,0.060307692,20250509,-0.038277512,20250702,0.09254766,20250626,35.66,20250513,31.17,20250723,6576600,20250508
53,147,AHL,20250724,31.42,31.87,31.01,31.55,31.55,182100,36.1,28.85,32.38184529,0,32.44622642,0,5731901,184472.9586,0.98713655,0.027371101,0.012191209,0.004137492,0.008020533,0.027732989,0.015855589,0.251699675,0.060307692,20250509,-0.038277512,20250702,0.09254766,20250626,35.66,20250513,31.55,20250724,6576600,20250508
54,146,AHL,20250725,31.86,32.19,31.59,31.9,31.9,162900,36.1,28.85,32.36294939,0,32.43611111,0,5195424,182418.3911,0.893002065,0.018832392,0.011093502,0.001255493,0.009825674,0.018993352,0.015940891,0.253053807,0.060307692,20250509,-0.038277512,20250702,0.09254766,20250626,35.66,20250513,31.9,20250725,6576600,20250508
55,145,AHL,20250728,31.86,31.9,31.25,31.29,31.29,156100,36.1,28.85,32.32087295,0,32.41527273,0,4914028,179911.8777,0.867646995,0.020401758,-0.019122257,-0.017890772,-0.001253918,0.0208,0.015897603,0.252366618,0.060307692,20250509,-0.038277512,20250702,0.09254766,20250626,35.66,20250513,31.29,20250728,6576600,20250508
56,144,AHL,20250729,31.76,32.12,31.33,31.6,31.6,117200,36.1,28.85,32.29260342,0,32.40071429,0,3713286.667,173939.3179,0.673798204,0.024874055,0.009907319,-0.005037783,0.015020773,0.025215448,0.015828107,0.251263405,0.060307692,20250509,-0.038277512,20250702,0.09254766,20250626,35.66,20250513,31.6,20250729,6576600,20250508
57,143,AHL,20250730,31,31.82,31,31.38,31.38,134900,36.1,28.85,32.25681505,0,32.38280702,0,4235860,170221.2876,0.792497824,0.026451613,-0.006962025,0.012258065,-0.018987342,0.026451613,0.015886996,0.252198251,0.060307692,20250509,-0.038277512,20250702,0.09254766,20250626,35.66,20250513,31.38,20250730,6576600,20250508
58,142,AHL,20250731,31.54,31.75,30.49,31.59,31.59,168300,36.1,28.85,32.23066544,0,32.36913793,0,5263863,170038.3079,0.989776963,0.039949271,0.006692161,0.001585289,0.005098789,0.041325025,0.013096586,0.207901856,0.060307692,20250509,-0.038277512,20250702,0.09254766,20250626,35.66,20250513,31.59,20250731,6576600,20250508
59,141,AHL,20250801,31.8,32.56,30.52,31.25,31.25,244600,36.1,28.85,32.19220797,0,32.35016949,0,7691039.333,177139.4214,1.380833233,0.064150943,-0.0107629,-0.017295597,0.006647673,0.066841415,0.013382915,0.212447185,0.060307692,20250509,-0.038277512,20250702,0.09254766,20250626,35.66,20250513,31.25,20250801,6576600,20250508
60,140,AHL,20250804,31.36,32.06,30.87,31.7,31.7,206200,36.1,28.85,32.1729057,0,32.33933333,0,6504235.333,179907.0955,1.146147123,0.037946429,0.0144,0.010841837,0.00352,0.038548753,0.013683371,0.217216777,0.060307692,20250509,-0.038277512,20250702,0.09254766,20250626,35.66,20250513,31.7,20250804,6576600,20250508
61,139,AHL,20250805,31.92,32.15,30.83,30.93,30.93,219300,36.1,28.85,32.1241643,0,32.31622951,0,6864821,183658.8007,1.194062028,0.041353383,-0.024290221,-0.031015038,0.006940063,0.04281544,0.014505344,0.230265199,0.060307692,20250509,-0.038277512,20250702,0.09254766,20250626,35.66,20250513,30.93,20250805,6576600,20250508
62,138,AHL,20250806,31.11,31.9,30.54,31.24,31.24,103900,36.1,28.85,32.08949119,0,32.29887097,0,3244450.667,176062.7245,0.590130593,0.043715847,0.010022632,0.004178721,0.005819593,0.044531762,0.014533629,0.23071421,0.060307692,20250509,-0.038277512,20250702,0.09254766,20250626,35.66,20250513,31.24,20250806,6576600,20250508
63,137,AHL,20250807,31.58,31.75,30.54,31.57,31.57,168800,36.1,28.85,32.06911898,0,32.28730159,0,5281189.333,175371.0364,0.962530663,0.038315389,0.01056338,-0.000316656,0.010883483,0.03962017,0.014518923,0.230480753,0.060307692,20250509,-0.038277512,20250702,0.09254766,20250626,35.66,20250513,31.57,20250807,6576600,20250508
64,136,AHL,20250808,30.69,31.01,28.83,28.83,28.83,442200,36.1,28.83,31.94209471,0,32.23328125,0,13069958,200783.3187,2.202374196,0.07103291,-0.086791258,-0.060606061,-0.027874564,0.075615678,0.024524021,0.389306768,0.060307692,20250509,-0.086791258,20250808,0.09254766,20250626,35.66,20250513,28.83,20250808,6576600,20250508
65,135,AHL,20250811,28.8,29.01,27.9,28.66,28.66,213600,36.1,27.9,31.81338511,0,32.17830769,0,6092584,202003.955,1.057405039,0.038541667,-0.005896635,-0.004861111,-0.001040583,0.039784946,0.024523787,0.389303045,0.060307692,20250509,-0.086791258,20250808,0.09254766,20250626,35.66,20250513,28.66,20250811,6576600,20250508
66,134,AHL,20250812,28.5,29.23,28.5,28.85,28.85,323000,36.1,27.9,31.69717393,0,32.12787879,0,9321780,213527.3878,1.512686514,0.025614035,0.006629449,0.012280702,-0.005582694,0.025614035,0.024420287,0.387660046,0.060307692,20250509,-0.086791258,20250808,0.09254766,20250626,35.66,20250513,28.85,20250812,6576600,20250508
67,133,AHL,20250813,28.8,29.17,28.49,28.89,28.89,247300,36.1,27.9,31.58708868,0,32.07955224,0,7134605,216743.8271,1.140978284,0.023611111,0.001386482,0.003125,-0.001733102,0.023868024,0.024091048,0.382433537,0.060307692,20250509,-0.086791258,20250808,0.09254766,20250626,35.66,20250513,28.89,20250813,6576600,20250508
68,132,AHL,20250814,28.7,28.91,28.45,28.53,28.53,126700,36.1,27.9,31.46720285,0,32.02735294,0,3627421,208168.2245,0.608642363,0.016027875,-0.012461059,-0.005923345,-0.00657667,0.016168717,0.02411857,0.382870429,0.060307692,20250509,-0.086791258,20250808,0.09254766,20250626,35.66,20250513,28.53,20250814,6576600,20250508
69,131,AHL,20250815,28.96,28.96,27.89,27.92,27.92,93600,36.1,27.89,31.32809686,0,31.96782609,0,2644824,197256.965,0.47450796,0.036947514,-0.021381002,-0.035911602,0.015071854,0.038365005,0.024137774,0.383175286,0.060307692,20250509,-0.086791258,20250808,0.09254766,20250626,35.66,20250513,27.92,20250815,6576600,20250508
70,130,AHL,20250818,27.9,28.26,27.51,27.51,27.51,435100,36.1,27.51,31.17836757,0,31.90414286,0,12078376,219908.6827,1.978548526,0.02688172,-0.014684814,-0.013978495,-0.000716332,0.027262814,0.023670634,0.375759667,0.060307692,20250509,-0.086791258,20250808,0.09254766,20250626,35.66,20250513,27.51,20250818,6576600,20250508
71,129,AHL,20250819,27.51,28.09,27.05,27.66,27.66,249300,36.1,27.05,31.04039237,0,31.8443662,0,6880680,222707.8557,1.11940371,0.037804435,0.005452563,0.005452563,0,0.03844732,0.022643079,0.359447734,0.060307692,20250509,-0.086791258,20250808,0.09254766,20250626,35.66,20250513,27.66,20250819,6576600,20250508
72,128,AHL,20250820,32.07,32.98,31,32.27,32.27,814200,36.1,27.05,31.08861228,1,31.85027778,0,26122250,279040.4409,2.917856628,0.061739944,0.166666667,0.006236358,0.159436009,0.063870968,0.044759203,0.71053032,0.166666667,20250820,-0.086791258,20250808,0.09254766,20250626,35.66,20250513,32.27,20250820,6576600,20250508
73,127,AHL,20250821,32.5,32.76,31.9,32.32,32.32,521600,36.1,27.05,31.13690199,1,31.85671233,0,16861589.33,302141.3513,1.726344301,0.026461538,0.001549427,-0.005538462,0.007127363,0.026959248,0.04470281,0.709635116,0.166666667,20250820,-0.086791258,20250808,0.09254766,20250626,35.66,20250513,32.32,20250821,6576600,20250508
74,126,AHL,20250822,33.25,34.69,33.1,34.05,34.05,669700,36.1,27.05,31.25114113,1,31.88635135,0,22734082.67,337146.9369,1.986374268,0.047819549,0.053527228,0.02406015,0.028774752,0.048036254,0.046136115,0.732388121,0.166666667,20250820,-0.086791258,20250808,0.09254766,20250626,35.66,20250513,34.05,20250822,6576600,20250508
75,125,AHL,20250825,33.75,33.75,32.62,32.8,32.8,567300,36.1,27.05,31.31188069,1,31.89853333,0,18753047,359066.2762,1.579931165,0.033481481,-0.03671072,-0.028148148,-0.008810573,0.034641324,0.046767823,0.74241617,0.166666667,20250820,-0.086791258,20250808,0.09254766,20250626,35.66,20250513,32.8,20250825,6576600,20250508
76,124,AHL,20250826,32.49,32.9,32.13,32.21,32.21,386300,36.1,27.05,31.34710106,1,31.90263158,0,12521270.67,361659.9642,1.068130394,0.0236996,-0.017987805,-0.008618036,-0.00945122,0.023965142,0.046977235,0.745740494,0.166666667,20250820,-0.086791258,20250808,0.09254766,20250626,35.66,20250513,32.21,20250826,6576600,20250508
77,123,AHL,20250827,36.48,36.78,36.35,36.63,36.63,10334200,36.78,27.05,31.55427356,1,31.96402597,0,378093930.7,1311425.682,7.880126295,0.011787281,0.137224464,0.004111842,0.132567526,0.011829436,0.055777366,0.885438232,0.166666667,20250820,-0.086791258,20250808,0.09254766,20250626,36.63,20250827,32.21,20250826,10334200,20250827
78,122,AHL,20250828,36.55,36.64,36.5,36.55,36.55,2481700,36.78,27.05,31.75018441,1,32.02282051,0,90739224.33,1422880.379,1.744138184,0.003830369,-0.002184002,0,-0.002184002,0.003835616,0.055833298,0.886326134,0.166666667,20250820,-0.086791258,20250808,0.09254766,20250626,36.63,20250827,36.55,20250828,10334200,20250827
79,121,AHL,20250829,36.56,36.72,36.5,36.5,36.5,1608100,36.78,27.05,31.93645168,1,32.07949367,0,58813577.33,1440520.343,1.116332725,0.006017505,-0.001367989,-0.001641138,0.000273598,0.006027397,0.055700174,0.88421285,0.166666667,20250820,-0.086791258,20250808,0.09254766,20250626,36.63,20250827,36.5,20250829,10334200,20250827
80,120,AHL,20250902,36.52,36.72,36.51,36.65,36.65,377000,36.78,27.05,32.12129672,1,32.136625,0,13808253.33,1339232.691,0.281504478,0.005750274,0.004109589,0.003559693,0.000547945,0.005751849,0.055696978,0.884162109,0.166666667,20250820,-0.086791258,20250808,0.09254766,20250626,36.65,20250902,36.5,20250829,10334200,20250827
81,119,AHL,20250903,36.62,36.72,36.61,36.7,36.7,862400,36.78,27.05,32.30085371,1,32.19296296,0,31629957.33,1293820.054,0.66655328,0.003003823,0.001364256,0.002184599,-0.000818554,0.003004644,0.055191086,0.87613133,0.166666667,20250820,-0.086791258,20250808,0.09254766,20250626,36.7,20250903,36.5,20250829,10334200,20250827
82,118,AHL,20250904,36.67,36.84,36.55,36.64,36.64,475400,36.84,27.05,32.47101631,1,32.24719512,0,17436087.33,1215875.287,0.390994048,0.007908372,-0.001634877,-0.000818107,-0.000817439,0.007934337,0.05525182,0.877095453,0.166666667,20250820,-0.086791258,20250808,0.09254766,20250626,36.7,20250903,36.64,20250904,10334200,20250827
83,117,AHL,20250905,36.66,36.66,36.56,36.61,36.61,276900,36.84,27.05,32.63332939,1,32.29975904,0,10137309,1126449.069,0.245816706,0.002727769,-0.000818777,-0.001363884,0.000545852,0.00273523,0.055297467,0.87782008,0.166666667,20250820,-0.086791258,20250808,0.09254766,20250626,36.7,20250903,36.61,20250905,10334200,20250827
84,116,AHL,20250908,36.63,36.7,36.58,36.69,36.69,551900,36.84,27.05,32.79241451,1,32.35202381,0,20230814.33,1071730.11,0.514961738,0.003276003,0.002185195,0.001638002,0.000546299,0.003280481,0.050580157,0.802935097,0.166666667,20250820,-0.086791258,20250808,0.09254766,20250626,36.7,20250903,36.69,20250908,10334200,20250827
85,115,AHL,20250909,36.72,36.72,36.58,36.6,36.6,581000,36.84,27.05,32.94173159,1,32.402,0,21283966.67,1024993.909,0.566832637,0.003812636,-0.002452984,-0.003267974,0.000817661,0.003827228,0.050517377,0.801938491,0.166666667,20250820,-0.086791258,20250808,0.09254766,20250626,36.7,20250903,36.6,20250909,10334200,20250827
86,114,AHL,20250910,36.62,36.68,36.59,36.6,36.6,368000,36.84,27.05,33.0851931,1,32.45081395,0,13477386.67,962423.0606,0.382368228,0.002457673,0,-0.00054615,0.000546448,0.002459688,0.050585985,0.80302762,0.166666667,20250820,-0.086791258,20250808,0.09254766,20250626,36.7,20250903,36.6,20250910,10334200,20250827
87,113,AHL,20250911,36.65,36.82,36.64,36.69,36.69,248500,36.84,27.05,33.22655808,1,32.49954023,0,9124091.667,894430.3882,0.277830453,0.004911323,0.002459016,0.001091405,0.00136612,0.004912664,0.050573493,0.802829315,0.166666667,20250820,-0.086791258,20250808,0.09254766,20250626,36.7,20250903,36.69,20250911,10334200,20250827
88,112,AHL,20250912,36.7,36.8,36.64,36.64,36.64,215000,36.84,27.05,33.36041854,1,32.54659091,0,7889066.667,829722.7322,0.259122706,0.004359673,-0.001362769,-0.001634877,0.000272554,0.004366812,0.050338111,0.79909274,0.166666667,20250820,-0.086791258,20250808,0.09254766,20250626,36.7,20250903,36.64,20250912,10334200,20250827
89,111,AHL,20250915,36.65,36.74,36.65,36.69,36.69,329200,36.84,27.05,33.49099036,1,32.59314607,0,12079445.33,782053.9005,0.420942853,0.002455662,0.001364629,0.001091405,0.000272926,0.002455662,0.049757468,0.789875321,0.166666667,20250820,-0.086791258,20250808,0.09254766,20250626,36.7,20250903,36.69,20250915,10334200,20250827
90,110,AHL,20250916,36.7,36.79,36.59,36.61,36.61,463900,36.84,27.05,33.61330447,1,32.63777778,0,17008120.33,751753.529,0.617090552,0.005449591,-0.002180431,-0.002452316,0.000272554,0.005465974,0.049444598,0.784908658,0.166666667,20250820,-0.086791258,20250808,0.09254766,20250626,36.7,20250903,36.61,20250916,10334200,20250827
91,109,AHL,20250917,36.7,36.74,36.6,36.6,36.6,339100,36.84,27.05,33.73042978,1,32.68131868,0,12426884.67,712453.1929,0.475961092,0.003814714,-0.000273149,-0.002724796,0.002458345,0.003825137,0.049522107,0.786139076,0.166666667,20250820,-0.086791258,20250808,0.09254766,20250626,36.7,20250903,36.6,20250917,10334200,20250827
92,108,AHL,20250918,36.68,36.68,36.52,36.56,36.56,345900,36.84,27.05,33.84139332,1,32.72347826,0,12655328,677543.365,0.510520828,0.00436205,-0.001092896,-0.003271538,0.002185792,0.004381161,0.034415198,0.546324339,0.166666667,20250820,-0.086791258,20250808,0.09254766,20250626,36.7,20250903,36.56,20250918,10334200,20250827
93,107,AHL,20250919,36.68,36.76,36.56,36.65,36.65,2588300,36.84,27.05,33.95153476,1,32.76569892,0,94878450.33,859520.1874,3.01133125,0.005452563,0.002461707,-0.000817884,0.003282276,0.00547046,0.034408497,0.546217952,0.166666667,20250820,-0.086791258,20250808,0.09254766,20250626,36.7,20250903,36.65,20250919,10334200,20250827
94,106,AHL,20250922,36.62,36.74,36.62,36.69,36.69,406000,36.84,27.05,34.05892555,1,32.80744681,0,14893433.33,816327.7886,0.497349234,0.003276898,0.001091405,0.001911524,-0.000818554,0.003276898,0.032614114,0.517733014,0.166666667,20250820,-0.086791258,20250808,0.09254766,20250626,36.7,20250903,36.69,20250922,10334200,20250827
95,105,AHL,20250923,37.03,37.03,36.69,36.73,36.73,307000,37.03,27.05,34.16367357,1,32.84873684,0,11302716.67,767820.3802,0.399833096,0.009181745,0.001090215,-0.008101539,0.00926683,0.00926683,0.031181754,0.494995001,0.166666667,20250820,-0.086791258,20250808,0.09254766,20250626,36.73,20250923,36.69,20250922,10334200,20250827
96,104,AHL,20250924,36.73,36.78,36.49,36.5,36.5,732000,37.03,27.05,34.25529421,1,32.88677083,0,26783880,764408.9154,0.957602646,0.007895453,-0.006261911,-0.006261911,0,0.007947383,0.030813069,0.489142314,0.166666667,20250820,-0.086791258,20250808,0.09254766,20250626,36.73,20250923,36.5,20250924,10334200,20250827
97,103,AHL,20250925,36.57,36.68,36.55,36.67,36.67,806100,37.03,27.05,34.34998856,1,32.9257732,0,29530130,768379.4949,1.049090984,0.003554826,0.004657534,0.002734482,0.001917808,0.003556772,0.002560771,0.040650972,0.166666667,20250820,-0.086791258,20250808,0.09254766,20250626,36.73,20250923,36.67,20250925,10334200,20250827
98,102,AHL,20250926,36.68,36.86,36.65,36.65,36.65,339500,37.03,27.05,34.44018509,1,32.96377551,0,12466440,727533.8287,0.466644968,0.005725191,-0.000545405,-0.000817884,0.000272702,0.005729877,0.002511004,0.03986095,0.166666667,20250820,-0.086791258,20250808,0.09254766,20250626,36.73,20250923,36.65,20250926,10334200,20250827
99,101,AHL,20250929,36.76,36.76,36.56,36.64,36.64,225700,37.03,27.05,34.52645234,1,33.00090909,0,8272657.333,679740.1307,0.332038657,0.005440696,-0.000272851,-0.003264418,0.003001364,0.00547046,0.002488235,0.039499505,0.166666667,20250820,-0.086791258,20250808,0.09254766,20250626,36.73,20250923,36.64,20250929,10334200,20250827
100,100,AHL,20250930,36.65,36.73,36.63,36.71,36.71,833200,37.03,27.05,34.61208166,1,33.038,0,30570108,694355.3564,1.199961939,0.002728513,0.00191048,0.001637108,0.000272926,0.002730003,0.002350915,0.037319625,0.166666667,20250820,-0.086791258,20250808,0.09254766,20250626,36.73,20250923,36.71,20250930,10334200,20250827
101,99,AHL,20251001,36.66,36.76,36.63,36.7,36.7,389500,37.03,27.05,34.69396081,1,33.07425743,0,14293351.67,665321.5129,0.585431243,0.003546099,-0.000272405,0.001091107,-0.001362027,0.003549004,0.002332433,0.037026233,0.166666667,20250820,-0.086791258,20250808,0.09254766,20250626,36.73,20250923,36.7,20251001,10334200,20250827
102,98,AHL,20251002,36.75,36.76,36.62,36.72,36.72,299300,37.03,27.05,34.77341333,1,33.11,0,10984310,630462.3212,0.474730987,0.003809524,0.000544959,-0.000816327,0.001362398,0.003823048,0.00230263,0.036553113,0.166666667,20250820,-0.086791258,20250808,0.09254766,20250626,36.73,20250923,36.72,20251002,10334200,20250827
103,97,AHL,20251003,36.67,36.75,36.67,36.71,36.71,172000,37.03,27.05,34.8493579,1,33.14495146,0,6314120,586799.243,0.293115579,0.00218162,-0.000272331,0.00109081,-0.001361656,0.00218162,0.002294236,0.036419868,0.166666667,20250820,-0.086791258,20250808,0.09254766,20250626,36.73,20250923,36.71,20251003,10334200,20250827
104,96,AHL,20251006,36.69,36.78,36.67,36.72,36.72,429400,37.03,27.05,34.92271642,1,33.17932692,0,15768999.33,571808.8389,0.750950267,0.002998092,0.000272405,0.000817661,-0.000544811,0.002999727,0.002243757,0.03561853,0.166666667,20250820,-0.086791258,20250808,0.09254766,20250626,36.73,20250923,36.72,20251006,10334200,20250827
105,95,AHL,20251007,36.77,36.77,36.7,36.74,36.74,387200,37.03,27.05,34.99398244,1,33.2132381,0,14224437.33,554227.0447,0.698630649,0.001903726,0.000544662,-0.000815883,0.001361656,0.001907357,0.002167041,0.034400714,0.166666667,20250820,-0.086791258,20250808,0.09254766,20250626,36.74,20251007,36.72,20251006,10334200,20250827
106,94,AHL,20251008,36.89,36.89,36.68,36.68,36.68,256900,37.03,27.05,35.06010077,1,33.2459434,0,9441075,525910.1833,0.488486453,0.0056926,-0.001633097,-0.0056926,0.004082744,0.005725191,0.002205135,0.035005434,0.166666667,20250820,-0.086791258,20250808,0.09254766,20250626,36.74,20251007,36.68,20251008,10334200,20250827
107,93,AHL,20251009,36.7,36.74,36.65,36.7,36.7,231400,37.03,27.05,35.12441055,1,33.2782243,0,8491608.667,497861.5944,0.46478781,0.002452316,0.000545256,0,0.000545256,0.002455662,0.00213842,0.03394636,0.166666667,20250820,-0.086791258,20250808,0.09254766,20250626,36.74,20251007,36.7,20251009,10334200,20250827
108,92,AHL,20251010,36.67,36.76,36.67,36.69,36.69,263100,37.03,27.05,35.18580621,1,33.30981481,0,9657524,475503.3473,0.553308408,0.002454322,-0.00027248,0.000545405,-0.000817439,0.002454322,0.002115198,0.033577719,0.166666667,20250820,-0.086791258,20250808,0.09254766,20250626,36.74,20251007,36.69,20251010,10334200,20250827
109,91,AHL,20251013,36.72,36.74,36.66,36.68,36.68,174200,37.03,27.05,35.24440205,1,33.34073394,0,6391978.667,446807.7905,0.389876819,0.002178649,-0.000272554,-0.001089325,0.000817661,0.002182215,0.002094045,0.033241929,0.166666667,20250820,-0.086791258,20250808,0.09254766,20250626,36.74,20251007,36.68,20251013,10334200,20250827
110,90,AHL,20251014,36.67,36.74,36.65,36.7,36.7,416100,37.03,27.05,35.30148432,1,33.37127273,0,15269483,443883.239,0.937408677,0.002454322,0.000545256,0.000818107,-0.000272628,0.002455662,0.002033275,0.032277239,0.166666667,20250820,-0.086791258,20250808,0.09254766,20250626,36.74,20251007,36.7,20251014,10334200,20250827
111,89,AHL,20251015,36.67,36.72,36.65,36.67,36.67,143100,37.03,27.05,35.3551516,1,33.40099099,0,5248908,415237.2162,0.344622289,0.001908917,-0.000817439,0,-0.000817439,0.001909959,0.002042502,0.03242372,0.166666667,20250820,-0.086791258,20250808,0.09254766,20250626,36.74,20251007,36.67,20251015,10334200,20250827
112,88,AHL,20251016,36.8,36.8,36.65,36.67,36.67,142600,37.03,27.05,35.40671428,1,33.43017857,0,5234370.667,389271.7671,0.366325051,0.004076087,0,-0.003532609,0.003545132,0.004092769,0.002023509,0.032122211,0.166666667,20250820,-0.086791258,20250808,0.09254766,20250626,36.74,20251007,36.67,20251016,10334200,20250827
113,87,AHL,20251017,36.68,36.74,36.67,36.67,36.67,254200,37.03,27.05,35.4562549,1,33.45884956,0,9327445.333,376407.7892,0.675331402,0.001908397,0,-0.000272628,0.000272702,0.001908917,0.001949135,0.030941552,0.166666667,20250820,-0.086791258,20250808,0.09254766,20250626,36.74,20251007,36.67,20251017,10334200,20250827
114,86,AHL,20251020,36.68,36.73,36.68,36.72,36.72,211500,37.03,27.05,35.50581353,1,33.48745614,0,7764165,360702.2855,0.586356141,0.001363141,0.001363512,0.001090513,0.000272702,0.001363141,0.00195787,0.031080226,0.166666667,20250820,-0.086791258,20250808,0.09254766,20250626,36.74,20251007,36.72,20251020,10334200,20250827
115,85,AHL,20251021,36.8,36.8,36.7,36.7,36.7,116200,37.03,27.05,35.55264437,1,33.5153913,0,4268413.333,337416.3536,0.344381648,0.002717391,-0.000544662,-0.002717391,0.002178649,0.002724796,0.001945925,0.030890609,0.166666667,20250820,-0.086791258,20250808,0.09254766,20250626,36.74,20251007,36.7,20251021,10334200,20250827
116,84,AHL,20251022,36.72,36.74,36.68,36.74,36.74,145000,37.03,27.05,35.59920734,1,33.54318966,0,5324400,319090.9865,0.454415844,0.001633987,0.001089918,0.000544662,0.000544959,0.001635769,0.001293588,0.020535076,0.166666667,20250820,-0.086791258,20250808,0.09254766,20250626,36.74,20251007,36.7,20251021,10334200,20250827
117,83,AHL,20251023,36.8,36.8,36.68,36.73,36.73,185900,37.03,27.05,35.64355215,1,33.57042735,0,6829346.333,306406.1307,0.606711098,0.00326087,-0.000272183,-0.001902174,0.001633097,0.003271538,0.000801301,0.012720263,0.166666667,20250820,-0.086791258,20250808,0.09254766,20250626,36.74,20251007,36.73,20251023,10334200,20250827
118,82,AHL,20251024,36.8,36.8,36.74,36.75,36.75,73600,37.03,27.05,35.68694226,1,33.59737288,0,2705781.333,284234.1182,0.258941469,0.001630435,0.000544514,-0.001358696,0.001905799,0.001633097,0.000793406,0.012594927,0.166666667,20250820,-0.086791258,20250808,0.09254766,20250626,36.75,20251024,36.73,20251023,10334200,20250827
119,81,AHL,20251027,36.71,36.79,36.53,36.74,36.74,310500,37.03,27.05,35.72823864,1,33.62378151,0,11391210,286735.6308,1.082879024,0.007082539,-0.000272109,0.000817216,-0.001088435,0.007117438,0.000793386,0.012594607,0.166666667,20250820,-0.086791258,20250808,0.09254766,20250626,36.75,20251024,36.74,20251027,10334200,20250827
120,80,AHL,20251028,36.7,36.77,36.69,36.77,36.77,432400,37.03,27.05,35.76909203,1,33.65,0,15887817.33,300608.4279,1.438416092,0.002179837,0.000816549,0.001907357,-0.001088732,0.002180431,0.000696441,0.011055656,0.166666667,20250820,-0.086791258,20250808,0.09254766,20250626,36.77,20251028,36.74,20251027,10334200,20250827
121,79,AHL,20251029,36.71,36.79,36.69,36.7,36.7,324200,37.03,27.05,35.80559822,1,33.67520661,0,11906785.33,302855.2443,1.070478409,0.002724053,-0.001903726,-0.000272405,-0.001631765,0.002725538,0.000823971,0.01308014,0.166666667,20250820,-0.086791258,20250808,0.09254766,20250626,36.77,20251028,36.7,20251029,10334200,20250827
122,78,AHL,20251030,36.79,36.8,36.71,36.76,36.76,126000,37.03,27.05,35.84302574,1,33.7004918,0,4631340,286011.8877,0.440541129,0.002446317,0.001634877,-0.000815439,0.002452316,0.002451648,0.00089488,0.014205779,0.166666667,20250820,-0.086791258,20250808,0.09254766,20250626,36.77,20251028,36.76,20251030,10334200,20250827
123,77,AHL,20251031,36.73,36.85,36.72,36.75,36.75,229800,37.03,27.05,35.87859336,1,33.72528455,0,8450512,280658.3745,0.818789036,0.003539341,-0.000272035,0.000544514,-0.000816104,0.003540305,0.000894874,0.014205688,0.166666667,20250820,-0.086791258,20250808,0.09254766,20250626,36.77,20251028,36.75,20251031,10334200,20250827
124,76,AHL,20251103,36.8,36.9,36.72,36.74,36.74,327900,37.03,27.05,35.91237402,1,33.74959677,0,12062348,285157.577,1.149890539,0.004891304,-0.000272109,-0.001630435,0.001360544,0.004901961,0.000896189,0.014226554,0.166666667,20250820,-0.086791258,20250808,0.09254766,20250626,36.77,20251028,36.74,20251103,10334200,20250827
125,75,AHL,20251104,36.72,36.79,36.72,36.75,36.75,298200,37.03,27.05,35.94522209,1,33.7736,0,10959844,286399.7125,1.041202163,0.001906318,0.000272183,0.000816993,-0.000544366,0.001906318,0.000889964,0.014127743,0.166666667,20250820,-0.086791258,20250808,0.09254766,20250626,36.77,20251028,36.75,20251104,10334200,20250827
126,74,AHL,20251105,36.82,36.84,36.75,36.77,36.77,270800,37.03,27.05,35.97756632,1,33.79738095,0,9961829.333,284914.0256,0.950462159,0.002444324,0.000544218,-0.001357958,0.001904762,0.00244898,0.000807202,0.012813933,0.166666667,20250820,-0.086791258,20250808,0.09254766,20250626,36.77,20251028,36.75,20251104,10334200,20250827
127,73,AHL,20251106,36.76,36.86,36.76,36.83,36.83,301800,37.03,27.05,36.0109951,1,33.82125984,0,11111270,286522.2136,1.053321473,0.002720348,0.001631765,0.001904244,-0.000271961,0.002720348,0.000871155,0.013829151,0.166666667,20250820,-0.086791258,20250808,0.09254766,20250626,36.83,20251106,36.75,20251104,10334200,20250827
128,72,AHL,20251107,36.81,36.87,36.8,36.82,36.82,123400,37.03,27.05,36.04272078,1,33.8446875,0,4544822,270986.7647,0.455372793,0.001901657,-0.000271518,0.000271665,-0.000543036,0.001902174,0.000871129,0.013828737,0.166666667,20250820,-0.086791258,20250808,0.09254766,20250626,36.83,20251106,36.82,20251107,10334200,20250827
129,71,AHL,20251110,36.82,36.88,36.8,36.85,36.85,120600,37.03,27.05,36.07437879,1,33.8679845,0,4443306,256664.2157,0.469874617,0.002172732,0.000814775,0.000814775,0,0.002173913,0.0008755,0.013898126,0.166666667,20250820,-0.086791258,20250808,0.09254766,20250626,36.85,20251110,36.82,20251107,10334200,20250827
130,70,AHL,20251111,36.9,36.92,36.84,36.86,36.86,305100,37.03,27.05,36.10518746,1,33.891,0,11250054,261277.1475,1.167725547,0.002168022,0.00027137,-0.001084011,0.001356852,0.002171553,0.000872472,0.013850062,0.166666667,20250820,-0.086791258,20250808,0.09254766,20250626,36.86,20251111,36.82,20251107,10334200,20250827
131,69,AHL,20251112,36.87,36.88,36.79,36.81,36.81,636800,37.03,27.05,36.13282717,1,33.91328244,0,23451221.33,297041.2287,2.143810146,0.002441009,-0.001356484,-0.001627339,0.000271297,0.002446317,0.0009135,0.014501363,0.166666667,20250820,-0.086791258,20250808,0.09254766,20250626,36.86,20251111,36.81,20251112,10334200,20250827
132,68,AHL,20251113,36.83,36.92,36.83,36.86,36.86,335300,37.03,27.05,36.16134375,1,33.93560606,0,12362511,300684.9212,1.115120767,0.00244366,0.001358327,0.000814553,0.000543331,0.00244366,0.000948385,0.015055139,0.166666667,20250820,-0.086791258,20250808,0.09254766,20250626,36.86,20251111,36.81,20251112,10334200,20250827
133,67,AHL,20251114,36.77,37.01,36.75,36.9,36.9,274400,37.03,27.05,36.19031066,1,33.95789474,0,10121701.33,298181.5954,0.92024459,0.007070982,0.001085187,0.003535491,-0.002441671,0.00707483,0.000963714,0.015298492,0.166666667,20250820,-0.086791258,20250808,0.09254766,20250626,36.9,20251114,36.81,20251112,10334200,20250827
134,66,AHL,20251117,37.03,37.03,36.83,36.86,36.86,156700,37.03,27.05,36.21657299,1,33.97955224,0,5783274.667,284707.1577,0.550390096,0.005401026,-0.001084011,-0.004590872,0.003523035,0.005430356,0.000978594,0.015534702,0.166666667,20250820,-0.086791258,20250808,0.09254766,20250626,36.9,20251114,36.86,20251117,10334200,20250827
135,65,AHL,20251118,36.93,36.98,36.85,36.98,36.98,336500,37.03,27.05,36.2465113,1,34.00177778,0,12429188.33,289639.8094,1.161787811,0.003520173,0.003255562,0.001353913,0.001899078,0.003527815,0.001177095,0.018685804,0.166666667,20250820,-0.086791258,20250808,0.09254766,20250626,36.98,20251118,36.86,20251117,10334200,20250827
136,64,AHL,20251119,36.92,36.97,36.81,36.82,36.82,142100,37.03,27.05,36.26900106,1,34.0225,0,5238753.333,275588.399,0.515624027,0.004333694,-0.004326663,-0.002708559,-0.001622499,0.004346645,0.001564666,0.024838296,0.166666667,20250820,-0.086791258,20250808,0.09254766,20250626,36.98,20251118,36.82,20251119,10334200,20250827
137,63,AHL,20251120,37.04,37.05,36.82,36.99,36.99,377200,37.05,27.05,36.29727553,1,34.04416058,0,13938797.33,285265.6943,1.322276066,0.006209503,0.004617056,-0.001349892,0.005975014,0.006246605,0.001856544,0.029471728,0.166666667,20250820,-0.086791258,20250808,0.09254766,20250626,36.99,20251120,36.82,20251119,10334200,20250827
138,62,AHL,20251121,37.03,37.03,36.87,36.89,36.89,306200,37.05,27.05,36.32051962,1,34.06478261,0,11307966,287259.4377,1.065935387,0.004320821,-0.002703433,-0.003780718,0.001081373,0.004339571,0.001977173,0.031386646,0.166666667,20250820,-0.086791258,20250808,0.09254766,20250626,36.99,20251120,36.89,20251121,10334200,20250827
139,61,AHL,20251124,36.91,36.93,36.86,36.91,36.91,152800,37.05,27.05,36.3436365,1,34.0852518,0,5638320,274453.777,0.556742202,0.001896505,0.000542152,0,0.000542152,0.001899078,0.001975496,0.031360029,0.166666667,20250820,-0.086791258,20250808,0.09254766,20250626,36.99,20251120,36.91,20251124,10334200,20250827
140,60,AHL,20251125,36.9,36.97,36.9,36.92,36.92,80400,37.05,27.05,36.36623899,1,34.1055,0,2969172,255972.4649,0.314096284,0.001897019,0.000270929,0.000542005,-0.000270929,0.001897019,0.001970771,0.031285017,0.166666667,20250820,-0.086791258,20250808,0.09254766,20250626,36.99,20251120,36.92,20251125,10334200,20250827
141,59,AHL,20251126,36.89,36.99,36.89,36.97,36.97,290600,37.05,27.05,36.38991589,1,34.1258156,0,10737670,259270.3254,1.120837873,0.002710762,0.00135428,0.002168609,-0.000812568,0.002710762,0.001921286,0.03049947,0.166666667,20250820,-0.086791258,20250808,0.09254766,20250626,36.99,20251120,36.97,20251126,10334200,20250827
142,58,AHL,20251128,36.97,37.08,36.97,37.05,37.05,146300,37.08,27.05,36.41580154,1,34.14640845,0,5417976.667,248511.2468,0.58870575,0.002975385,0.002163917,0.002163917,0,0.002975385,0.001943159,0.030846691,0.166666667,20250820,-0.086791258,20250808,0.09254766,20250626,37.05,20251128,36.97,20251126,10334200,20250827
143,57,AHL,20251201,36.95,37.03,36.89,37,37,139900,37.08,27.05,36.43871129,1,34.16636364,0,5172569.333,238167.3185,0.587402171,0.003788904,-0.001349528,0.00135318,-0.002699055,0.003795066,0.001977257,0.031387983,0.166666667,20250820,-0.086791258,20250808,0.09254766,20250626,37.05,20251128,37,20251201,10334200,20250827
144,56,AHL,20251202,37.03,37.16,36.85,37.02,37.02,353200,37.16,27.05,36.46150692,1,34.18618056,0,13071932,249122.812,1.41777462,0.008371591,0.000540541,-0.000270051,0.000810811,0.008412483,0.001972341,0.031309937,0.166666667,20250820,-0.086791258,20250808,0.09254766,20250626,37.05,20251128,37.02,20251202,10334200,20250827
145,55,AHL,20251203,37.19,37.19,37,37.04,37.04,357000,37.19,27.05,36.48419293,1,34.20586207,0,13236370,259396.8299,1.376269711,0.0051089,0.000540249,-0.004033342,0.004592112,0.005135135,0.001972469,0.031311979,0.166666667,20250820,-0.086791258,20250808,0.09254766,20250626,37.05,20251128,37.04,20251203,10334200,20250827
146,54,AHL,20251204,37,37.04,36.99,37,37,162000,37.19,27.05,36.50442065,1,34.225,0,5995620,250120.9413,0.647686672,0.001351351,-0.001079914,0,-0.001079914,0.001351717,0.001999251,0.031737122,0.166666667,20250820,-0.086791258,20250808,0.09254766,20250626,37.05,20251128,37,20251204,10334200,20250827
147,53,AHL,20251205,37,37.02,36.99,37,37,72700,37.19,27.05,36.52385514,1,34.24387755,0,2690142.333,233223.7088,0.31171788,0.000810811,0,0,0,0.00081103,0.00197579,0.031364686,0.166666667,20250820,-0.086791258,20250808,0.09254766,20250626,37.05,20251128,37,20251205,10334200,20250827
148,52,AHL,20251208,37.02,37.02,36.95,36.96,36.96,121300,37.19,27.05,36.54095886,1,34.26222973,0,4485269.667,222564.308,0.545011018,0.00189087,-0.001081081,-0.001620746,0.000540541,0.001894452,0.001994852,0.031667292,0.166666667,20250820,-0.086791258,20250808,0.09254766,20250626,37.05,20251128,36.96,20251208,10334200,20250827
149,51,AHL,20251209,37.01,37.03,36.95,37,37,150300,37.19,27.05,36.55896047,1,34.28060403,0,5560098,215681.9929,0.696859288,0.002161578,0.001082251,-0.000270197,0.001352814,0.002165088,0.002000139,0.031751219,0.166666667,20250820,-0.086791258,20250808,0.09254766,20250626,37.05,20251128,37,20251209,10334200,20250827
150,50,AHL,20251210,36.98,37.03,36.98,37.03,37.03,77000,37.19,27.05,36.57743261,1,34.29893333,0,2850026.667,202474.1841,0.380295396,0.001352082,0.000810811,0.001352082,-0.000540541,0.001352082,0.002004712,0.031823823,0.166666667,20250820,-0.086791258,20250808,0.09254766,20250626,37.05,20251128,37.03,20251210,10334200,20250827
151,49,AHL,20251211,37.09,37.13,37.01,37.1,37.1,314300,37.19,27.05,36.59792545,1,34.31748344,0,11654244,213124.2618,1.474726516,0.003235373,0.001890359,0.000269614,0.001620308,0.003242367,0.002000767,0.031761189,0.166666667,20250820,-0.086791258,20250808,0.09254766,20250626,37.1,20251211,37.03,20251210,10334200,20250827
152,48,AHL,20251212,37.1,37.1,37.01,37.02,37.02,169200,37.19,27.05,36.61447739,1,34.33526316,0,6267732,208940.9988,0.809797986,0.002425876,-0.002156334,-0.002156334,0,0.002431775,0.002064963,0.032780274,0.166666667,20250820,-0.086791258,20250808,0.09254766,20250626,37.1,20251211,37.02,20251212,10334200,20250827
153,47,AHL,20251215,37.14,37.14,37.06,37.11,37.11,130400,37.19,27.05,36.63390965,1,34.35339869,0,4838274.667,201460.9036,0.64727199,0.002154012,0.002431118,-0.000807754,0.003241491,0.002158662,0.002115992,0.033590333,0.166666667,20250820,-0.086791258,20250808,0.09254766,20250626,37.11,20251215,37.02,20251212,10334200,20250827
154,46,AHL,20251216,37.05,37.14,37.05,37.09,37.09,113100,37.19,27.05,36.65179555,1,34.37116883,0,4195256,193045.5795,0.585872001,0.00242915,-0.000538938,0.001079622,-0.001616815,0.00242915,0.002100875,0.033350361,0.166666667,20250820,-0.086791258,20250808,0.09254766,20250626,37.11,20251215,37.09,20251216,10334200,20250827
155,45,AHL,20251217,37.06,37.1,37.06,37.08,37.08,160600,37.19,27.05,36.66858788,1,34.38864516,0,5955048,189955.5243,0.845461066,0.001079331,-0.000269614,0.000539665,-0.000808843,0.001079331,0.001985745,0.031522721,0.166666667,20250820,-0.086791258,20250808,0.09254766,20250626,37.11,20251215,37.08,20251217,10334200,20250827
156,44,AHL,20251218,37.19,37.19,37.07,37.1,37.1,161900,37.19,27.05,36.685506,1,34.40602564,0,6009728,187283.5696,0.864464514,0.003226674,0.000539374,-0.002420005,0.002966559,0.003237119,0.001685465,0.026755929,0.166666667,20250820,-0.086791258,20250808,0.09254766,20250626,37.11,20251215,37.1,20251218,10334200,20250827
157,43,AHL,20251219,37.08,37.25,37.08,37.1,37.1,785700,37.25,27.05,36.70176067,1,34.42318471,0,29183517,244275.6106,3.216448822,0.004584682,0,0.000539374,-0.000539084,0.004584682,0.001359235,0.021577192,0.166666667,20250820,-0.086791258,20250808,0.09254766,20250626,37.11,20251215,37.1,20251219,10334200,20250827
158,42,AHL,20251222,37.07,37.14,37.04,37.06,37.06,240600,37.25,27.05,36.71580927,1,34.43987342,0,8921448,243925.5524,0.986366527,0.002697599,-0.001078167,-0.00026976,-0.000808625,0.002699784,0.001221285,0.019387305,0.166666667,20250820,-0.086791258,20250808,0.09254766,20250626,37.11,20251215,37.06,20251222,10334200,20250827
159,41,AHL,20251223,37.07,37.11,37.03,37.05,37.05,482700,37.25,27.05,36.72891479,1,34.45628931,0,17890471,266665.976,1.810129688,0.002158079,-0.000269833,-0.00053952,0.000269833,0.00216041,0.001223878,0.019428457,0.166666667,20250820,-0.086791258,20250808,0.09254766,20250626,37.11,20251215,37.05,20251223,10334200,20250827
160,40,AHL,20251224,37.05,37.09,37.02,37.05,37.05,296100,37.25,27.05,36.74150636,1,34.4725,0,10971492,269469.2164,1.098826812,0.001889339,0,0,0,0.00189087,0.001224434,0.019437292,0.166666667,20250820,-0.086791258,20250808,0.09254766,20250626,37.11,20251215,37.05,20251224,10334200,20250827
161,39,AHL,20251226,37.04,37.12,37.02,37.04,37.04,789400,37.25,27.05,36.753212,1,34.4884472,0,29255164,318986.4339,2.474713393,0.002699784,-0.000269906,0,-0.000269906,0.002701243,0.001195731,0.018981641,0.166666667,20250820,-0.086791258,20250808,0.09254766,20250626,37.11,20251215,37.04,20251226,10334200,20250827
162,38,AHL,20251229,37.07,37.07,37.03,37.04,37.04,482000,37.25,27.05,36.76445859,1,34.50419753,0,17856493.33,334511.5354,1.440906961,0.00107904,0,-0.00080928,0.000809935,0.001080205,0.001092108,0.017336682,0.166666667,20250820,-0.086791258,20250808,0.09254766,20250626,37.11,20251215,37.04,20251229,10334200,20250827
163,37,AHL,20251230,37.05,37.07,37.04,37.04,37.04,476600,37.25,27.05,36.77526413,1,34.5197546,0,17658030,348043.7701,1.369367996,0.000809717,0,-0.000269906,0.000269978,0.000809935,0.001045892,0.016603026,0.166666667,20250820,-0.086791258,20250808,0.09254766,20250626,37.11,20251215,37.04,20251230,10334200,20250827
164,36,AHL,20251231,37.1,37.11,37.04,37.1,37.1,64800,37.25,27.05,36.78799887,1,34.5354878,0,2403000,321068.173,0.201826296,0.001886792,0.00161987,0,0.00161987,0.001889849,0.001098797,0.017442856,0.166666667,20250820,-0.086791258,20250808,0.09254766,20250626,37.11,20251215,37.1,20251231,10334200,20250827
165,35,AHL,20260102,37.1,37.25,37.03,37.18,37.18,312900,37.25,27.05,36.80337146,1,34.55151515,0,11625278,320290.2517,0.976926392,0.005929919,0.002156334,0.002156334,0,0.005941129,0.001188017,0.018859191,0.166666667,20250820,-0.086791258,20250808,0.09254766,20250626,37.18,20260102,37.1,20251231,10334200,20250827
166,34,AHL,20260105,37.15,37.19,37.15,37.17,37.17,376600,37.25,27.05,36.81774905,1,34.56728916,0,13998222,325653.0849,1.156445363,0.001076716,-0.000268962,0.000538358,-0.000806885,0.001076716,0.001155821,0.018348086,0.166666667,20250820,-0.086791258,20250808,0.09254766,20250626,37.18,20260102,37.17,20260105,10334200,20250827
167,33,AHL,20260106,37.14,37.29,37.12,37.2,37.2,586900,37.29,27.05,36.83273929,1,34.58305389,0,21834636.33,350533.7435,1.674303861,0.004577275,0.000807103,0.001615509,-0.000807103,0.004579741,0.001161449,0.018437429,0.166666667,20250820,-0.086791258,20250808,0.09254766,20250626,37.2,20260106,37.17,20260105,10334200,20250827
168,32,AHL,20260107,37.35,37.35,37.17,37.2,37.2,291800,37.35,27.05,36.84714167,1,34.59863095,0,10866632,344940.0536,0.845944091,0.004819277,0,-0.004016064,0.004032258,0.004842615,0.001119654,0.017773956,0.166666667,20250820,-0.086791258,20250808,0.09254766,20250626,37.2,20260106,37.17,20260105,10334200,20250827
169,31,AHL,20260108,37.23,37.28,37.06,37.22,37.22,301300,37.35,27.05,36.86176356,1,34.61414201,0,11204342.67,340783.8581,0.884138121,0.005909213,0.000537634,-0.000268601,0.000806452,0.005936319,0.001106798,0.017569875,0.166666667,20250820,-0.086791258,20250808,0.09254766,20250626,37.22,20260108,37.17,20260105,10334200,20250827
170,30,AHL,20260109,37.22,37.35,37.22,37.25,37.25,168100,37.35,27.05,36.87698852,1,34.62964706,0,6265647.333,324337.7763,0.518286836,0.003492746,0.000806018,0.000806018,0,0.003492746,0.001106682,0.017568024,0.166666667,20250820,-0.086791258,20250808,0.09254766,20250626,37.25,20260109,37.17,20260105,10334200,20250827
171,29,AHL,20260112,37.25,37.32,37.15,37.26,37.26,292300,37.35,27.05,36.89200858,1,34.64502924,0,10886226.33,321286.5595,0.909779732,0.004563758,0.000268456,0.000268456,0,0.004576043,0.001041254,0.016529395,0.166666667,20250820,-0.086791258,20250808,0.09254766,20250626,37.26,20260112,37.17,20260105,10334200,20250827
172,28,AHL,20260113,37.25,37.28,37.25,37.27,37.27,108500,37.35,27.05,36.90683177,1,34.6602907,0,4043433.333,301021.1729,0.360439762,0.000805369,0.000268384,0.000536913,-0.000268384,0.000805369,0.000879061,0.013954661,0.166666667,20250820,-0.086791258,20250808,0.09254766,20250626,37.27,20260113,37.17,20260105,10334200,20250827
173,27,AHL,20260114,37.27,37.29,37.23,37.27,37.27,445800,37.35,27.05,36.92107366,1,34.67537572,0,16611994,314809.6326,1.416093899,0.001609874,0,0,0,0.001611604,0.000729624,0.011582417,0.166666667,20250820,-0.086791258,20250808,0.09254766,20250626,37.27,20260113,37.17,20260105,10334200,20250827
174,26,AHL,20260115,37.31,37.37,37.28,37.32,37.32,1279400,37.37,27.05,36.93671783,1,34.69057471,0,47751472.67,406675.3819,3.145998152,0.002412222,0.001341562,0.000268025,0.001073249,0.002414163,0.00074823,0.01187778,0.166666667,20250820,-0.086791258,20250808,0.09254766,20250626,37.32,20260115,37.17,20260105,10334200,20250827
175,25,AHL,20260116,37.32,37.35,37.28,37.28,37.28,202300,37.37,27.05,36.95017988,1,34.70537143,0,7546464.333,387211.0598,0.522454085,0.00187567,-0.001071811,-0.001071811,0,0.001877682,0.000800574,0.012708711,0.166666667,20250820,-0.086791258,20250808,0.09254766,20250626,37.32,20260115,37.28,20260116,10334200,20250827
176,24,AHL,20260120,37.28,37.32,37.21,37.32,37.32,89700,37.37,27.05,36.96468263,1,34.72022727,0,3344315,358876.6732,0.249946588,0.002950644,0.001072961,0.001072961,0,0.002956195,0.000818732,0.012996975,0.166666667,20250820,-0.086791258,20250808,0.09254766,20250626,37.32,20260115,37.28,20260116,10334200,20250827
177,23,AHL,20260121,37.3,37.38,37.21,37.28,37.28,201600,37.38,27.05,36.97704802,1,34.73468927,0,7517664,343897.9424,0.586220431,0.004557641,-0.001071811,-0.000536193,-0.000535906,0.004568664,0.000872442,0.013849589,0.166666667,20250820,-0.086791258,20250808,0.09254766,20250626,37.32,20260115,37.28,20260121,10334200,20250827
178,22,AHL,20260122,37.29,37.29,37.21,37.26,37.26,107700,37.38,27.05,36.98814417,1,34.7488764,0,4012184,321402.9003,0.335093429,0.002145347,-0.000536481,-0.000804505,0.00026824,0.00214996,0.000836976,0.01328658,0.166666667,20250820,-0.086791258,20250808,0.09254766,20250626,37.32,20260115,37.26,20260122,10334200,20250827
179,21,AHL,20260123,37.22,37.28,37.22,37.26,37.26,110100,37.38,27.05,36.99880519,1,34.76290503,0,4101592,301278.8145,0.365442224,0.001612037,0,0.001074691,-0.001073537,0.001612037,0.00082997,0.013175372,0.166666667,20250820,-0.086791258,20250808,0.09254766,20250626,37.32,20260115,37.26,20260123,10334200,20250827
180,20,AHL,20260126,37.26,37.37,37.26,37.34,37.34,86300,37.38,27.05,37.01218537,1,34.77722222,0,3221003.667,280804.6417,0.307331102,0.002952228,0.002147075,0.002147075,0,0.002952228,0.000924875,0.014681941,0.166666667,20250820,-0.086791258,20250808,0.09254766,20250626,37.34,20260126,37.26,20260123,10334200,20250827
181,19,AHL,20260127,37.27,37.35,37.27,37.35,37.35,148300,37.38,27.05,37.02543301,1,34.79143646,0,5535050.333,268185.152,0.552976177,0.002146499,0.000267809,0.002146499,-0.001874665,0.002146499,0.000912404,0.014483968,0.166666667,20250820,-0.086791258,20250808,0.09254766,20250626,37.35,20260127,37.26,20260123,10334200,20250827
182,18,AHL,20260128,37.34,37.34,37.3,37.33,37.33,50900,37.38,27.05,37.03737681,1,34.80538462,0,1899757.667,247491.328,0.205663772,0.001071237,-0.000535475,-0.000267809,-0.000267738,0.001072386,0.000932917,0.0148096,0.166666667,20250820,-0.086791258,20250808,0.09254766,20250626,37.35,20260127,37.33,20260128,10334200,20250827
183,17,AHL,20260129,37.34,37.37,37.31,37.33,37.33,142100,37.38,27.05,37.04885223,1,34.81918033,0,5305540.333,237454.0587,0.598431548,0.001606856,0,-0.000267809,0.000267881,0.001608148,0.000932917,0.0148096,0.166666667,20250820,-0.086791258,20250808,0.09254766,20250626,37.35,20260127,37.33,20260129,10334200,20250827
184,16,AHL,20260130,37.29,37.35,37.29,37.33,37.33,84400,37.38,27.05,37.05987763,1,34.83282609,0,3150089.333,222877.4817,0.378683389,0.00160901,0,0.001072674,-0.001071524,0.00160901,0.000889887,0.014126517,0.166666667,20250820,-0.086791258,20250808,0.09254766,20250626,37.35,20260127,37.33,20260130,10334200,20250827
185,15,AHL,20260202,37.33,37.36,37.28,37.34,37.34,379000,37.38,27.05,37.07086282,1,34.84637838,0,14146806.67,237746.2929,1.594136318,0.002143048,0.000267881,0.000267881,0,0.002145923,0.000776581,0.012327835,0.166666667,20250820,-0.086791258,20250808,0.09254766,20250626,37.35,20260127,37.34,20260202,10334200,20250827
186,14,AHL,20260203,37.31,37.36,37.31,37.34,37.34,77300,37.38,27.05,37.08141722,1,34.85978495,0,2886124.333,222465.6936,0.347469305,0.001340123,0,0.000804074,-0.000803428,0.001340123,0.00077006,0.012224321,0.166666667,20250820,-0.086791258,20250808,0.09254766,20250626,37.35,20260127,37.34,20260203,10334200,20250827
187,13,AHL,20260204,37.4,37.4,37.34,37.38,37.38,114000,37.4,27.05,37.09312635,1,34.87326203,0,4260560,212135.6276,0.537392051,0.001604278,0.001071237,-0.000534759,0.001606856,0.001606856,0.000782668,0.012424465,0.166666667,20250820,-0.086791258,20250808,0.09254766,20250626,37.38,20260204,37.34,20260203,10334200,20250827
188,12,AHL,20260205,37.4,37.4,37.33,37.34,37.34,128900,37.4,27.05,37.10280767,1,34.88638298,0,4815274.333,204208.4249,0.631217836,0.001871658,-0.001070091,-0.001604278,0.000535045,0.001875167,0.000834893,0.01325351,0.166666667,20250820,-0.086791258,20250808,0.09254766,20250626,37.38,20260204,37.34,20260205,10334200,20250827
189,11,AHL,20260206,37.38,37.38,37.32,37.33,37.33,443300,37.4,27.05,37.11171717,1,34.89931217,0,16554299.67,226979.0511,1.953043674,0.001605136,-0.000267809,-0.001337614,0.001071237,0.001607717,0.000836573,0.013280178,0.166666667,20250820,-0.086791258,20250808,0.09254766,20250626,37.38,20260204,37.33,20260206,10334200,20250827
190,10,AHL,20260209,37.28,37.34,37.28,37.32,37.32,480700,37.4,27.05,37.11988513,1,34.91205263,0,17936519.33,251142.951,1.914049341,0.001609442,-0.000267881,0.001072961,-0.001339405,0.001609442,0.000826511,0.013120462,0.166666667,20250820,-0.086791258,20250808,0.09254766,20250626,37.38,20260204,37.32,20260209,10334200,20250827
191,9,AHL,20260210,37.35,37.38,37.31,37.34,37.34,393200,37.4,27.05,37.12851708,1,34.9247644,0,14683398.67,264672.1938,1.485611293,0.001874163,0.000535906,-0.000267738,0.000803859,0.001876173,0.000831627,0.013201668,0.166666667,20250820,-0.086791258,20250808,0.09254766,20250626,37.38,20260204,37.34,20260210,10334200,20250827
192,8,AHL,20260211,37.38,37.38,37.33,37.37,37.37,294400,37.4,27.05,37.137987,1,34.9375,0,10998784,267503.4134,1.100546704,0.001337614,0.000803428,-0.000267523,0.001071237,0.001339405,0.000845561,0.013422869,0.166666667,20250820,-0.086791258,20250808,0.09254766,20250626,37.38,20260204,37.37,20260211,10334200,20250827
193,7,AHL,20260212,37.38,37.38,37.34,37.34,37.34,134100,37.4,27.05,37.14590908,1,34.94994819,0,5009082,254798.3264,0.52629859,0.001070091,-0.000802783,-0.001070091,0.000267594,0.001071237,0.000870946,0.013825847,0.166666667,20250820,-0.086791258,20250808,0.09254766,20250626,37.38,20260204,37.34,20260212,10334200,20250827
194,6,AHL,20260213,37.35,37.36,37.31,37.34,37.34,163700,37.4,27.05,37.15352049,1,34.96226804,0,6112012.333,246122.2953,0.665116501,0.001338688,0,-0.000267738,0.000267809,0.001340123,0.000819992,0.013016966,0.166666667,20250820,-0.086791258,20250808,0.09254766,20250626,37.38,20260204,37.34,20260213,10334200,20250827
195,5,AHL,20260217,37.37,37.37,37.34,37.35,37.35,91000,37.4,27.05,37.16122557,1,34.97451282,0,3399153.333,231348.7434,0.393345556,0.000802783,0.000267809,-0.000535189,0.000803428,0.000803428,0.000779201,0.012369432,0.166666667,20250820,-0.086791258,20250808,0.09254766,20250626,37.38,20260204,37.35,20260217,10334200,20250827
196,4,AHL,20260218,37.61,37.61,37.46,37.5,37.5,1119700,37.61,27.05,37.17451084,1,34.98739796,0,42014876.33,315953.625,3.543874517,0.003988301,0.004016064,-0.002924754,0.006961178,0.004004271,0.001159095,0.018400067,0.166666667,20250820,-0.086791258,20250808,0.09254766,20250626,37.5,20260218,37.35,20260217,10334200,20250827
197,3,AHL,20260219,37.49,37.5,37.49,37.49,37.49,703800,37.61,27.05,37.18688296,1,35.00010152,0,26387808,352891.375,1.994381416,0.000266738,-0.000266667,0,-0.000266667,0.000266738,0.001124558,0.017851804,0.166666667,20250820,-0.086791258,20250808,0.09254766,20250626,37.5,20260218,37.49,20260219,10334200,20250827
198,2,AHL,20260220,37.5,37.5,37.49,37.5,37.5,471000,37.61,27.05,37.19916206,1,35.01272727,0,17660930,364139.8155,1.293459215,0.000266667,0.000266738,0,0.000266738,0.000266738,0.001108029,0.017589419,0.166666667,20250820,-0.086791258,20250808,0.09254766,20250626,37.5,20260218,37.49,20260219,10334200,20250827
199,1,AHL,20260223,37.49,37.51,37.49,37.5,37.5,544900,37.61,27.05,37.21095963,1,35.02522613,0,20433750,381355.0711,1.428852115,0.000533476,0,0.000266738,-0.000266667,0.000533476,0.001108029,0.017589419,0.166666667,20250820,-0.086791258,20250808,0.09254766,20250626,37.5,20260218,37.49,20260219,10334200,20250827
